City_ID,City,Country,Lat,Lng,Max Temp,Humidity,Cloudiness,Wind Speed,Current Description
0,Tuatapere,NZ,-46.1333,167.6833,53.01,89,66,3.0,broken clouds
1,Punta Arenas,CL,-53.15,-70.9167,48.2,87,0,5.75,clear sky
2,The Valley,AI,18.217,-63.0578,87.8,69,20,12.66,few clouds
3,Adiake,CI,5.2863,-3.304,84.2,79,20,6.91,few clouds
4,Antofagasta,CL,-23.65,-70.4,70.0,72,20,13.8,few clouds
5,Lander,US,42.833,-108.7307,61.0,23,1,5.73,clear sky
6,Vanimo,PG,-2.6741,141.3028,76.41,86,100,2.01,overcast clouds
7,Vao,NC,-22.6667,167.4833,77.11,77,55,9.53,heavy intensity rain
8,Sola,VU,-13.8833,167.55,82.62,72,99,7.34,overcast clouds
9,Vestmannaeyjar,IS,63.4427,-20.2734,40.48,53,78,23.51,broken clouds
10,Pisco,PE,-13.7,-76.2167,71.6,73,0,8.05,clear sky
11,Bethel,US,41.3712,-73.414,59.0,53,73,5.99,broken clouds
12,Ushuaia,AR,-54.8,-68.3,57.2,51,20,9.22,few clouds
13,Bambous Virieux,MU,-20.3428,57.7575,77.0,94,75,12.66,moderate rain
14,Copperas Cove,US,31.1241,-97.9031,68.0,41,90,11.5,overcast clouds
15,Bathsheba,BB,13.2167,-59.5167,86.0,51,40,21.85,scattered clouds
16,Rikitea,PF,-23.1203,-134.9692,77.5,74,4,8.93,clear sky
17,Bilibino,RU,68.0546,166.4372,20.82,95,100,8.61,snow
18,Vaini,TO,-21.2,-175.2,68.0,94,20,2.3,few clouds
19,Brownsville,US,25.9018,-97.4975,69.8,52,90,18.41,overcast clouds
20,Khandagayty,RU,50.7333,92.05,38.48,44,10,2.91,clear sky
21,Ancud,CL,-41.8697,-73.8203,53.6,100,90,8.05,moderate rain
22,Narsaq,GL,60.9167,-46.05,32.0,27,40,9.22,scattered clouds
23,Castro,BR,-24.7911,-50.0119,65.57,79,71,5.37,broken clouds
24,Dikson,RU,73.5069,80.5464,-10.53,100,100,1.79,overcast clouds
25,Kavieng,PG,-2.5744,150.7967,81.79,74,98,3.87,overcast clouds
26,Esperance,AU,-33.8667,121.9,51.8,87,0,8.05,clear sky
27,Qaanaaq,GL,77.484,-69.3632,6.51,74,100,5.1,overcast clouds
28,Lusambo,CD,-4.9667,23.45,74.41,83,100,3.11,overcast clouds
29,Busselton,AU,-33.65,115.3333,59.9,83,69,6.33,broken clouds
30,Kodiak,US,57.79,-152.4072,44.6,87,90,10.36,light rain
31,Isangel,VU,-19.55,169.2667,78.6,84,26,8.61,scattered clouds
32,Saint-Philippe,RE,-21.3585,55.7679,75.2,78,90,11.5,overcast clouds
33,Nikolskoye,RU,59.7035,30.7861,48.2,49,0,8.95,clear sky
34,Roma,US,43.2128,-75.4557,59.0,44,20,10.36,few clouds
35,Avarua,CK,-21.2078,-159.775,80.6,78,20,13.8,light rain
36,Sivaki,RU,52.6333,126.75,31.64,65,60,17.56,broken clouds
37,Huarmey,PE,-10.0681,-78.1522,73.0,75,43,9.86,scattered clouds
38,Mataura,NZ,-46.1927,168.8643,53.01,89,90,3.0,overcast clouds
39,Vila Velha,BR,-20.3297,-40.2925,82.4,74,20,13.8,few clouds
40,Lahaina,US,20.8783,-156.6825,71.6,100,40,8.05,scattered clouds
41,Gobabis,NA,-22.45,18.9667,66.69,43,98,11.14,overcast clouds
42,Bluff,NZ,-46.6,168.3333,53.01,89,69,3.0,broken clouds
43,Hofn,IS,64.2539,-15.2082,40.48,70,1,30.06,clear sky
44,Talnakh,RU,69.4865,88.3972,-17.16,88,77,2.01,broken clouds
45,Bakel,SN,14.905,-12.4568,98.08,18,9,6.62,clear sky
46,Hilo,US,19.7297,-155.09,78.8,57,1,3.44,clear sky
47,Ginda,IN,30.6945,78.4932,49.6,49,3,8.72,clear sky
48,Les Cayes,HT,18.2,-73.75,84.36,58,15,13.13,few clouds
49,Cape Town,ZA,-33.9258,18.4232,68.0,82,0,10.36,clear sky
50,Airai,TL,-8.9266,125.4092,56.48,67,99,2.26,overcast clouds
51,Tactic,GT,15.3333,-90.3,80.6,61,75,6.91,broken clouds
52,Barga,IT,44.0742,10.4808,48.0,93,53,8.05,broken clouds
53,Bairiki,KI,1.3292,172.9752,82.4,78,20,11.5,few clouds
54,Alyangula,AU,-13.8483,136.4192,71.6,100,92,10.6,overcast clouds
55,Gbarnga,LR,6.9956,-9.4722,78.51,71,86,3.31,overcast clouds
56,Chhindwara,IN,22.0667,78.9333,82.38,20,1,4.32,clear sky
57,Ierissos,GR,40.4,23.8833,52.0,88,100,1.99,overcast clouds
58,Mackay,AU,-21.15,149.2,71.6,88,90,10.36,overcast clouds
59,Chuy,UY,-33.6971,-53.4616,69.58,68,0,9.04,clear sky
60,Albany,US,42.6001,-73.9662,59.0,41,75,11.5,broken clouds
61,New Norfolk,AU,-42.7826,147.0587,55.0,76,100,3.0,overcast clouds
62,Darhan,MN,49.4867,105.9228,34.59,35,94,0.13,overcast clouds
63,Sikasso,ML,10.9167,-7.0,92.75,21,85,3.4,overcast clouds
64,Carnarvon,AU,-24.8667,113.6333,75.78,70,0,20.15,clear sky
65,Ponta Do Sol,PT,32.6667,-17.1,62.01,68,1,1.99,clear sky
66,Batagay,RU,67.6333,134.6333,9.36,93,92,3.89,overcast clouds
67,Kargasok,RU,59.0556,80.8572,10.8,87,100,17.87,overcast clouds
68,Guane,CU,22.2025,-84.0875,88.2,54,72,14.92,broken clouds
69,Petropavlovsk-Kamchatskiy,RU,53.0452,158.6483,35.6,75,100,4.47,overcast clouds
70,Korem,ET,12.5058,39.5228,60.91,43,74,7.16,broken clouds
71,Teya,RU,60.3778,92.6267,13.69,97,100,3.49,overcast clouds
72,Synya,RU,65.3718,58.0387,8.78,97,44,2.91,scattered clouds
73,Yellowknife,CA,62.456,-114.3525,37.99,60,20,4.61,few clouds
74,East London,ZA,-33.0153,27.9116,74.25,38,0,5.57,clear sky
75,Mocuba,MZ,-16.8392,36.9856,63.99,96,52,2.98,broken clouds
76,Tairua,NZ,-37.0167,175.85,57.99,86,95,4.0,overcast clouds
77,Provideniya,RU,64.3833,-173.3,26.6,80,0,2.24,clear sky
78,Tura,IN,25.5198,90.2201,67.64,89,48,3.4,scattered clouds
79,Sao Filipe,CV,14.8961,-24.4956,73.11,75,2,11.52,clear sky
80,Port-Gentil,GA,-0.7193,8.7815,81.46,78,100,8.32,overcast clouds
81,El Limon,VE,10.3059,-67.6321,87.84,40,100,2.26,overcast clouds
82,Nouadhibou,MR,20.931,-17.0347,69.8,68,100,19.57,overcast clouds
83,Marion,US,39.7684,-86.1555,64.0,33,1,3.44,clear sky
84,Shelburne,CA,44.0787,-80.2041,59.0,38,75,6.91,broken clouds
85,Puerto Ayora,EC,-0.7393,-90.3518,82.0,78,40,9.22,light rain
86,Butaritari,KI,3.0707,172.7902,82.94,76,64,14.74,broken clouds
87,Lebu,CL,-37.6167,-73.65,62.35,71,56,13.31,broken clouds
88,Hobyo,SO,5.3505,48.5268,83.08,69,38,13.27,scattered clouds
89,Kavaratti,IN,10.5669,72.642,83.66,71,100,3.76,overcast clouds
90,Tiarei,PF,-17.5333,-149.3333,84.2,70,20,4.61,few clouds
91,San Felipe,VE,10.3399,-68.7425,90.81,44,100,8.68,overcast clouds
92,Chapais,CA,49.7834,-74.8492,48.2,57,90,10.36,overcast clouds
93,Gat,IL,31.61,34.7642,80.01,47,1,6.8,clear sky
94,Saint-Francois,FR,46.4154,3.9054,46.4,71,0,3.44,clear sky
95,San Pablo,PH,14.0669,121.3258,81.0,73,100,5.01,overcast clouds
96,Zaraza,VE,9.3503,-65.3245,99.07,20,98,10.2,overcast clouds
97,Vostok,RU,46.4856,135.8833,31.62,94,30,4.63,scattered clouds
98,Thompson,CA,55.7435,-97.8558,26.6,43,1,13.8,clear sky
99,Victoria,HK,22.2855,114.1577,72.0,76,100,3.0,overcast clouds
100,Virginia Beach,US,36.8529,-75.978,66.2,45,75,10.36,broken clouds
101,Clyde River,CA,70.4692,-68.5914,6.8,85,90,12.66,light snow
102,Kieta,PG,-6.2167,155.6333,79.74,77,65,3.6,broken clouds
103,Maple Creek,CA,49.9168,-109.4848,33.8,100,100,13.8,overcast clouds
104,Lompoc,US,34.6391,-120.4579,80.01,63,0,13.8,clear sky
105,Ribeira Grande,PT,38.5167,-28.7,64.4,82,20,8.05,few clouds
106,Pizarro,CO,4.9533,-77.366,82.53,70,100,4.43,overcast clouds
107,Lensk,RU,60.7253,114.9278,0.34,99,57,3.62,broken clouds
108,Ostersund,SE,63.1792,14.6357,50.0,27,1,6.91,clear sky
109,Kapaa,US,22.0752,-159.319,78.8,61,75,13.8,broken clouds
110,Manokwari,ID,-0.8667,134.0833,77.99,77,99,3.67,overcast clouds
111,Saskylakh,RU,71.9167,114.0833,-4.09,97,96,6.44,overcast clouds
112,Saint George,US,37.1041,-113.5841,71.01,13,1,4.61,clear sky
113,Santa Rosa,PH,14.3122,121.1114,82.4,69,20,6.91,few clouds
114,Palu,ID,-0.8917,119.8707,74.75,88,100,2.42,light rain
115,Birao,CF,10.2849,22.7882,84.81,10,98,5.99,overcast clouds
116,Muros,ES,42.7762,-9.0603,61.0,66,100,1.99,overcast clouds
117,Mount Isa,AU,-20.7333,139.5,68.0,26,6,9.22,clear sky
118,Maba,CN,24.6841,113.5984,62.46,97,100,2.21,overcast clouds
119,Loukhi,RU,66.0764,33.0381,36.52,84,100,6.91,overcast clouds
120,Revelstoke,CA,50.9832,-118.2023,51.8,54,90,3.44,overcast clouds
121,Hithadhoo,MV,-0.6,73.0833,82.4,63,10,5.59,clear sky
122,Diffa,NE,13.3154,12.6113,90.61,7,100,4.59,overcast clouds
123,Antigonish,CA,45.6169,-61.9986,37.99,94,100,4.0,light rain
124,Mulege,MX,26.8833,-111.9833,79.61,31,0,15.7,clear sky
125,Deputatskiy,RU,69.3,139.9,-2.33,95,100,5.88,overcast clouds
126,Yulara,AU,-25.2406,130.9889,51.8,58,0,5.75,clear sky
127,Ahipara,NZ,-35.1667,173.1667,56.71,77,95,3.0,overcast clouds
128,Balezino,RU,57.9796,53.0106,30.04,67,7,9.69,clear sky
129,Thaton,MM,16.9206,97.3714,78.51,80,6,1.72,clear sky
130,Itaituba,BR,-4.2761,-55.9836,78.8,89,20,5.75,few clouds
131,Kruisfontein,ZA,-34.0033,24.7314,70.25,25,0,5.64,clear sky
132,Port Alfred,ZA,-33.5906,26.891,75.06,39,0,5.55,clear sky
133,Hasaki,JP,35.7333,140.8333,51.8,40,20,5.75,few clouds
134,Nkhotakota,MW,-12.9274,34.2961,68.72,81,50,9.31,scattered clouds
135,Urusha,RU,54.05,122.9,20.97,63,6,12.88,clear sky
136,Codrington,AU,-38.2667,141.9667,51.31,95,42,10.0,scattered clouds
137,Savonlinna,FI,61.8699,28.88,37.4,65,0,1.14,clear sky
138,Bastia,FR,42.6667,9.3333,55.4,54,75,10.36,broken clouds
139,Pevek,RU,69.7008,170.3133,19.29,84,100,18.07,overcast clouds
140,Batatais,BR,-20.8911,-47.585,71.6,83,75,5.75,broken clouds
141,Kirakira,SB,-10.4544,161.9205,80.33,84,70,5.12,broken clouds
142,Arraial Do Cabo,BR,-22.9661,-42.0278,77.0,83,75,9.22,broken clouds
143,Baruun-Urt,MN,46.6806,113.2792,37.2,28,1,12.53,clear sky
144,Port Elizabeth,ZA,-33.918,25.5701,62.6,63,40,5.75,scattered clouds
145,Tautira,PF,-17.7333,-149.15,84.2,70,20,4.61,few clouds
146,Liwale,TZ,-9.7667,37.9333,64.26,92,9,4.99,clear sky
147,Cap Malheureux,MU,-19.9842,57.6142,75.0,86,100,5.01,light rain
148,Acapulco,MX,16.8634,-99.8901,84.2,65,20,9.22,few clouds
149,Arman,RU,59.7,150.1667,29.17,91,99,4.68,overcast clouds
150,Atuona,PF,-9.8,-139.0333,80.71,75,9,17.72,clear sky
151,Abnub,EG,27.2696,31.1511,91.4,25,0,6.91,clear sky
152,Okhotsk,RU,59.3833,143.3,28.09,97,100,7.05,light snow
153,Upernavik,GL,72.7868,-56.1549,11.53,81,100,5.26,overcast clouds
154,Jamestown,US,42.097,-79.2353,54.0,54,90,11.5,overcast clouds
155,Kachiry,KZ,53.0675,76.1036,26.02,64,47,19.91,scattered clouds
156,Paka,MY,4.6374,103.4368,75.2,100,73,1.14,broken clouds
157,Sussex,US,41.1834,-74.6663,59.0,41,90,4.61,overcast clouds
158,Klaksvik,FO,62.2266,-6.589,42.8,81,90,3.44,overcast clouds
159,Komsomolskiy,UZ,40.4272,71.7189,53.6,66,8,4.61,clear sky
160,Berlevag,NO,70.8578,29.0864,41.0,60,0,3.44,clear sky
161,Poya,NC,-21.35,165.15,74.12,89,97,5.48,overcast clouds
162,Paraiso,CR,9.8383,-83.8656,80.6,65,40,11.5,drizzle
163,Erenhot,CN,43.6475,111.9767,49.8,18,6,3.49,clear sky
164,Klyuchi,RU,52.2667,79.1667,37.31,77,93,20.56,light rain
165,Northam,GB,51.0333,-4.2167,48.99,76,72,1.01,broken clouds
166,Bredasdorp,ZA,-34.5322,20.0403,66.2,68,8,8.05,clear sky
167,Bartica,GY,6.4,-58.6167,87.8,55,40,18.41,scattered clouds
168,Husavik,IS,66.0449,-17.3389,41.0,56,20,20.71,few clouds
169,Ostrovnoy,RU,68.0531,39.5131,29.8,82,98,18.5,overcast clouds
170,Ridgecrest,US,35.6225,-117.6709,78.01,4,1,13.8,clear sky
171,Fortuna,US,40.5982,-124.1573,55.0,87,20,17.27,few clouds
172,Sayyan,YE,15.1718,44.3244,60.96,34,3,11.88,clear sky
173,Touros,BR,-5.1989,-35.4608,80.6,83,40,8.05,scattered clouds
174,Illertissen,DE,48.2234,10.1035,42.01,81,94,3.44,overcast clouds
175,Waingapu,ID,-9.6567,120.2641,74.88,84,83,6.55,broken clouds
176,Mar Del Plata,AR,-38.0023,-57.5575,77.0,68,75,9.22,broken clouds
177,Kardymovo,RU,54.8902,32.4311,42.49,87,76,4.9,broken clouds
178,Khatanga,RU,71.9667,102.5,-0.6,96,99,8.39,overcast clouds
179,Ilulissat,GL,69.2167,-51.1,12.2,44,67,4.61,broken clouds
180,Altar,MX,30.7,-111.8167,81.0,16,0,3.0,clear sky
181,Pavlovka,RU,52.6897,47.1405,49.42,54,100,13.2,overcast clouds
182,Tuktoyaktuk,CA,69.4541,-133.0374,28.4,80,20,9.22,few clouds
183,Coquimbo,CL,-29.9533,-71.3436,59.0,82,75,12.66,broken clouds
184,Namibe,AO,-15.1961,12.1522,80.33,74,8,5.17,clear sky
185,Cockburn Town,TC,21.4612,-71.1419,84.2,65,1,12.66,clear sky
186,Hanyang,CN,32.1371,105.5126,54.01,87,100,0.94,overcast clouds
187,Poso,ID,-1.3959,120.7524,78.01,77,100,5.03,overcast clouds
188,Yeppoon,AU,-23.1333,150.7333,64.4,82,30,5.75,scattered clouds
189,Buraydah,SA,26.326,43.975,80.6,26,0,4.79,clear sky
190,Mikuni,JP,36.2171,136.1519,44.6,81,40,4.61,scattered clouds
191,Kidal,ML,18.4411,1.4078,93.0,10,16,11.25,few clouds
192,Brae,GB,60.3964,-1.353,44.6,87,100,11.5,overcast clouds
193,Sorkjosen,NO,69.8,20.9333,41.0,52,0,6.91,clear sky
194,Tasiilaq,GL,65.6145,-37.6368,24.8,54,0,4.61,clear sky
195,Leh,IN,34.1667,77.5833,31.21,66,99,5.3,light snow
196,Baton Rouge,US,30.4508,-91.1545,69.8,52,20,5.75,few clouds
197,Luderitz,NA,-26.6481,15.1594,75.4,47,21,6.08,few clouds
198,Comodoro Rivadavia,AR,-45.8667,-67.5,78.8,21,0,25.32,clear sky
199,Poum,NC,-20.2333,164.0167,77.72,79,95,9.42,overcast clouds
200,Kutum,SD,14.2,24.6667,77.58,7,0,6.2,clear sky
201,Onega,RU,63.9061,38.1404,31.23,70,6,5.01,clear sky
202,La Ronge,CA,55.1001,-105.2842,32.0,37,62,11.5,broken clouds
203,Almaznyy,RU,48.0448,40.045,51.8,71,20,4.47,few clouds
204,Ganzhou,CN,28.8184,115.4327,58.77,74,98,1.52,overcast clouds
205,Huilong,CN,31.8111,121.655,55.99,65,55,8.08,broken clouds
206,Kailua,US,21.4022,-157.7394,78.8,64,20,8.05,few clouds
207,Turukhansk,RU,65.8167,87.9833,11.08,82,100,12.64,overcast clouds
208,Nelson Bay,AU,-32.7167,152.15,53.01,100,75,8.05,broken clouds
209,Kalengwa,ZM,-13.4659,25.0027,63.79,72,89,4.27,overcast clouds
210,Puerto Ayacucho,VE,5.6639,-67.6236,91.2,49,100,2.95,overcast clouds
211,Matara,LK,5.9485,80.5353,77.7,86,24,5.66,few clouds
212,Dhone,IN,15.4167,77.8833,86.11,42,100,11.36,overcast clouds
213,Pangai,TO,-19.8,-174.35,78.8,69,20,3.44,few clouds
214,Longyearbyen,SJ,78.2186,15.6401,30.2,80,75,8.05,broken clouds
215,Henties Bay,NA,-22.116,14.2845,81.59,41,3,12.15,clear sky
216,Mahebourg,MU,-20.4081,57.7,77.0,94,75,12.66,moderate rain
217,Niamey,NE,13.5137,2.1098,102.2,15,53,2.3,broken clouds
218,Torbay,CA,47.6666,-52.7314,39.0,100,90,17.27,light rain
219,Dudinka,RU,69.4058,86.1778,-11.56,98,39,8.86,scattered clouds
220,Alta Floresta,BR,-9.8756,-56.0861,73.4,100,75,4.61,moderate rain
221,Nara,JP,34.6851,135.8049,44.01,77,3,4.03,clear sky
222,Belmonte,BR,-15.8631,-38.8828,80.6,74,40,11.5,scattered clouds
223,Sitka,US,57.0531,-135.33,60.8,36,1,3.44,clear sky
224,Singkang,MY,2.1006,102.7994,75.2,100,20,1.92,few clouds
225,Ballina,AU,-28.8667,153.5667,57.2,82,39,8.05,scattered clouds
226,Svetlaya,RU,46.5389,138.3297,41.68,79,100,6.67,overcast clouds
227,Menomonie,US,44.8755,-91.9193,60.01,28,1,11.5,clear sky
228,Natal,BR,-5.795,-35.2094,80.6,83,75,14.97,broken clouds
229,Abu Dhabi,AE,24.4667,54.3667,80.6,57,0,2.3,clear sky
230,Hobart,AU,-42.8794,147.3294,55.4,62,100,8.05,overcast clouds
231,Morant Bay,JM,17.8815,-76.4093,91.0,66,20,25.32,few clouds
232,Port Hedland,AU,-20.3167,118.5667,69.8,78,1,5.75,clear sky
233,Faya,SA,18.3851,42.4509,68.0,59,20,12.3,few clouds
234,Mount Gambier,AU,-37.8333,140.7667,53.6,94,90,9.22,fog
235,Khomutovo,RU,52.4658,104.4025,24.8,63,0,4.47,clear sky
236,Pinega,RU,64.7001,43.3936,29.28,60,20,3.4,few clouds
237,Mancio Lima,BR,-7.6142,-72.8958,93.2,59,75,8.05,broken clouds
238,Chokwe,MZ,-24.5333,32.9833,64.18,73,24,5.75,few clouds
239,Moron,AR,-34.6534,-58.6198,73.0,74,85,3.0,overcast clouds
240,Barrow,US,71.2906,-156.7887,19.4,86,1,8.05,clear sky
241,Kununurra,AU,-15.7667,128.7333,66.2,72,98,4.61,overcast clouds
242,Cabo San Lucas,MX,22.8909,-109.9124,82.0,41,1,8.05,clear sky
243,Ambon,ID,-3.6954,128.1814,77.0,94,40,8.05,scattered clouds
244,Constitucion,CL,-35.3333,-72.4167,63.45,65,100,7.09,overcast clouds
245,Olafsvik,IS,64.8945,-23.7142,35.87,65,90,25.01,overcast clouds
246,Vilyuysk,RU,63.7553,121.6247,2.39,98,99,2.95,overcast clouds
247,Paamiut,GL,61.994,-49.6678,27.88,55,100,5.79,overcast clouds
248,Tornio,FI,65.8481,24.1466,32.0,80,0,2.3,clear sky
249,Salalah,OM,17.0151,54.0924,82.4,78,0,1.14,clear sky
250,Sharan,RU,54.8167,54.0,39.6,59,99,17.02,overcast clouds
251,Makat,KZ,47.6469,53.3463,59.76,62,100,8.14,overcast clouds
252,Norman Wells,CA,65.282,-126.8329,42.8,52,1,2.3,clear sky
253,Porto Novo,BJ,6.4965,2.6036,75.2,88,40,6.91,scattered clouds
254,Prachuap Khiri Khan,TH,12.2167,99.75,84.0,70,29,2.95,scattered clouds
255,Camopi,GF,3.1655,-52.3158,78.22,90,82,2.98,broken clouds
256,Kropotkin,RU,45.4375,40.5756,50.0,96,99,4.05,overcast clouds
257,Whitehorse,CA,60.7161,-135.0538,48.2,37,1,12.66,clear sky
258,Siloam Springs,US,36.1881,-94.5405,57.99,54,75,14.97,broken clouds
259,Aberdeen,GB,57.1437,-2.0981,46.99,71,90,12.66,overcast clouds
260,Ajaccio,FR,42.0,8.9167,50.0,76,90,8.05,overcast clouds
261,Cherskiy,RU,68.75,161.3,22.33,89,100,11.27,overcast clouds
262,Puerto Leguizamo,CO,-0.1934,-74.7819,85.44,68,85,2.19,overcast clouds
263,Sibolga,ID,1.7427,98.7792,75.45,89,100,2.01,overcast clouds
264,Tibirita,CO,5.0533,-73.5037,64.49,84,95,4.74,overcast clouds
265,Joao Pinheiro,BR,-17.7425,-46.1725,74.25,61,37,5.35,scattered clouds
266,Rocha,UY,-34.4833,-54.3333,69.37,75,1,9.35,clear sky
267,Lamu,KE,-2.2717,40.902,80.6,83,40,14.97,scattered clouds
268,Salta,AR,-24.7859,-65.4117,73.4,64,40,17.27,scattered clouds
269,Kudahuvadhoo,MV,2.6708,72.8944,83.1,62,98,7.76,overcast clouds
270,Changtu,CN,42.7788,124.0955,51.55,35,94,14.74,overcast clouds
271,Sao Joao Da Barra,BR,-21.6403,-41.0511,84.2,58,20,9.22,few clouds
272,Bowen,AU,-20.0167,148.2333,71.6,88,75,10.36,broken clouds
273,Rawson,AR,-43.3002,-65.1023,73.71,45,100,18.77,overcast clouds
274,San Quintin,MX,30.4833,-115.95,67.32,62,1,12.12,clear sky
275,Iqaluit,CA,63.7506,-68.5145,19.4,68,75,3.11,broken clouds
276,Ekibastuz,KZ,51.6667,75.3667,33.26,61,100,23.13,overcast clouds
277,General Pico,AR,-35.6566,-63.7568,79.66,57,41,11.16,scattered clouds
278,Sao Fidelis,BR,-21.6461,-41.7469,84.2,58,20,9.22,few clouds
279,Fuzhou,CN,26.0614,119.3061,60.8,67,0,11.18,clear sky
280,Teeli,RU,51.0333,90.2333,39.29,33,2,5.61,clear sky
281,Nouakchott,MR,18.0858,-15.9785,75.2,57,0,19.57,clear sky
282,Herat,AF,34.5,62.0,58.23,34,67,7.25,broken clouds
283,Carutapera,BR,-1.195,-46.02,77.63,92,100,5.08,overcast clouds
284,Leningradskiy,RU,69.3833,178.4167,21.78,80,2,7.81,clear sky
285,Hermanus,ZA,-34.4187,19.2345,63.0,85,57,6.33,broken clouds
286,Calama,CL,-22.4667,-68.9333,73.4,12,0,20.71,clear sky
287,Margate,GB,51.3813,1.3862,46.99,81,86,4.94,overcast clouds
288,Porbandar,IN,21.6422,69.6093,80.83,72,1,10.65,clear sky
289,Saint Anthony,US,45.0205,-93.218,63.0,29,75,13.8,broken clouds
290,Meulaboh,ID,4.1363,96.1285,76.44,86,98,2.73,overcast clouds
291,San Roque,ES,36.2107,-5.3842,68.0,56,20,3.44,few clouds
292,Berdigestyakh,RU,62.0989,126.6992,5.11,98,100,3.02,overcast clouds
293,Naantali,FI,60.4674,22.0243,44.6,49,0,2.3,clear sky
294,Bima,ID,-8.4667,118.7167,74.05,93,99,3.98,overcast clouds
295,Dabat,ET,12.9842,37.765,61.34,43,84,7.11,broken clouds
296,Victor Harbor,AU,-35.5667,138.6167,59.0,82,24,9.51,few clouds
297,Broome,US,42.2506,-75.833,55.4,47,90,11.5,overcast clouds
298,Kaltan,RU,53.5347,87.2457,47.32,61,100,16.55,light rain
299,Sao Jose Da Coroa Grande,BR,-8.8978,-35.1478,77.95,83,93,6.62,overcast clouds
300,Davila,PH,18.4726,120.5763,75.29,77,100,27.22,overcast clouds
301,Kurmanayevka,RU,52.5093,52.0675,49.86,56,100,13.2,overcast clouds
302,Pahrump,US,36.2083,-115.9839,73.99,7,0,5.01,clear sky
303,Xining,CN,36.6167,101.7667,46.2,55,100,8.63,overcast clouds
304,Khandyga,RU,62.6667,135.6,19.87,91,100,4.9,overcast clouds
305,Coihaique,CL,-45.5752,-72.0662,55.4,82,75,4.61,light rain
306,Baykit,RU,61.67,96.37,22.51,96,100,4.68,overcast clouds
307,Nizhniy Tsasuchey,RU,50.5167,115.1333,27.25,43,6,5.66,clear sky
308,Lodja,CD,-3.4833,23.4333,71.49,97,100,3.11,overcast clouds
309,Santa Marinella,IT,42.0345,11.8536,39.99,93,98,3.15,overcast clouds
310,Fairbanks,US,64.8378,-147.7164,51.8,37,1,3.44,clear sky
311,Sambava,MG,-14.2667,50.1667,75.92,89,100,14.12,light rain
312,Faanui,PF,-16.4833,-151.75,82.36,69,12,13.6,few clouds
313,Marawi,PH,7.9986,124.2928,73.0,88,97,5.99,overcast clouds
314,Banda Aceh,ID,5.5577,95.3222,80.26,80,81,12.24,light rain
315,Asosa,ET,10.0667,34.5333,74.17,15,27,2.64,scattered clouds
316,Laguna,US,38.421,-121.4238,86.0,12,1,9.22,clear sky
317,Vila,PT,42.0304,-8.1588,59.0,53,100,5.01,light rain
318,Nanortalik,GL,60.1432,-45.2371,28.49,55,14,13.13,few clouds
319,Dali,CN,25.7,100.1833,52.52,75,1,5.84,clear sky
320,Saurimo,AO,-9.6608,20.3916,67.41,85,100,4.38,overcast clouds
321,Grindavik,IS,63.8424,-22.4338,37.4,81,75,24.16,broken clouds
322,Marienburg,PL,54.0359,19.0266,50.0,68,82,5.82,broken clouds
323,Koungou,YT,-12.7336,45.2042,80.6,78,40,7.81,light rain
324,Huambo,AO,-12.7761,15.7392,65.53,70,100,2.68,overcast clouds
325,Kemptville,CA,45.0168,-75.641,53.6,62,99,10.36,overcast clouds
326,Dingle,PH,10.9995,122.6711,76.78,76,100,3.04,overcast clouds
327,Cahul,MD,45.9075,28.1944,47.1,85,100,2.33,overcast clouds
328,Eskil,TR,38.4017,33.4131,60.64,62,100,10.85,overcast clouds
329,Afua,BR,-0.1567,-50.3867,73.6,96,100,4.41,overcast clouds
330,Karratha,AU,-20.7377,116.8463,78.69,67,0,6.55,clear sky
331,General Roca,AR,-39.0333,-67.5833,77.0,53,40,8.05,scattered clouds
332,Harper,LR,4.375,-7.7169,80.74,76,97,7.81,overcast clouds
333,Nanyamba,TZ,-10.6833,39.8333,75.2,83,75,16.11,broken clouds
334,Fukue,JP,32.6881,128.8419,56.8,51,0,15.55,clear sky
335,Murska Sobota,SI,46.6625,16.1664,44.01,75,100,0.45,overcast clouds
336,Georgetown,MY,5.4112,100.3354,82.0,89,20,4.7,few clouds
337,Alamosa,US,37.4695,-105.87,39.2,48,1,4.61,clear sky
338,Mareeba,AU,-17.0,145.4333,75.2,94,75,11.5,broken clouds
339,Caravelas,BR,-17.7125,-39.2481,78.53,77,5,6.64,clear sky
340,Balabac,PH,7.9868,117.0645,81.7,71,100,16.6,overcast clouds
341,Lorengau,PG,-2.0226,147.2712,80.53,83,100,8.95,overcast clouds
342,Genhe,CN,50.7833,121.5167,26.15,69,4,8.39,clear sky
343,Samana,DO,19.2056,-69.3369,89.6,66,20,9.15,few clouds
344,Sistranda,NO,63.7256,8.834,48.2,61,0,6.91,clear sky
345,Nizhniy Kuranakh,RU,58.8353,125.4869,17.91,94,100,7.99,light snow
346,Biltine,TD,14.5333,20.9167,88.0,6,91,8.43,overcast clouds
347,Oyama,JP,36.3,139.8,57.0,53,20,6.91,few clouds
348,Damietta,EG,31.4165,31.8133,71.6,56,0,14.97,clear sky
349,Brazzaville,CG,-4.2658,15.2832,78.8,83,20,4.61,light rain
350,Linares,CL,-35.85,-71.6,78.64,27,98,3.2,overcast clouds
351,Havelock,US,34.8791,-76.9013,70.0,43,90,5.75,overcast clouds
352,Boa Vista,BR,2.8197,-60.6733,89.6,43,75,11.5,broken clouds
353,Calabar,NG,4.9517,8.322,76.1,89,99,3.22,overcast clouds
354,Cidreira,BR,-30.1811,-50.2056,71.55,77,52,14.34,broken clouds
355,Alice Springs,AU,-23.7,133.8833,42.8,70,0,5.48,clear sky
356,Bandarbeyla,SO,9.4942,50.8122,82.11,79,33,11.16,scattered clouds
357,Galeana,MX,24.8333,-100.0667,79.0,17,43,13.0,scattered clouds
358,Kaitangata,NZ,-46.2817,169.8464,55.0,73,88,3.0,overcast clouds
359,Mitzic,GA,0.7821,11.549,70.5,95,100,2.53,moderate rain
360,Aklavik,CA,68.2191,-135.0107,44.6,45,1,12.66,clear sky
361,Wasilla,US,61.5814,-149.4394,55.0,37,1,4.61,clear sky
362,Buchanan,LR,5.8808,-10.0467,82.4,83,40,8.39,scattered clouds
363,Albemarle,US,35.3501,-80.2001,71.01,35,75,4.61,broken clouds
364,Kralendijk,BQ,12.15,-68.2667,84.2,70,40,21.85,scattered clouds
365,Bengkulu,ID,-3.8004,102.2655,74.55,90,99,4.12,overcast clouds
366,Nome,US,64.5011,-165.4064,37.4,60,1,10.36,clear sky
367,San Policarpo,PH,12.1791,125.5072,75.65,93,100,26.73,heavy intensity rain
368,Mayumba,GA,-3.432,10.6554,78.84,85,100,3.65,overcast clouds
369,Belaya Glina,RU,46.07,40.86,50.0,96,100,3.74,overcast clouds
370,Kawalu,ID,-7.3817,108.2082,70.65,97,96,1.12,overcast clouds
371,Marsh Harbour,BS,26.5412,-77.0636,80.2,71,98,11.1,overcast clouds
372,Ketou,BJ,7.3633,2.5998,81.37,62,100,6.42,overcast clouds
373,Gaoua,BF,10.2992,-3.2508,94.6,27,59,3.04,broken clouds
374,Severo-Kurilsk,RU,50.6789,156.125,34.65,92,100,24.23,overcast clouds
375,Honiara,SB,-9.4333,159.95,78.37,86,89,3.2,overcast clouds
376,Cayenne,GF,4.9333,-52.3333,81.0,89,75,5.75,broken clouds
377,Souillac,MU,-20.5167,57.5167,77.0,94,75,12.66,light rain
378,Kalavai,IN,12.7703,79.42,81.07,81,92,4.65,overcast clouds
379,Vagur,FO,61.4732,-6.8119,43.95,75,100,9.82,overcast clouds
380,Killarney,IE,52.05,-9.5167,50.0,81,90,9.22,overcast clouds
381,Naze,JP,28.3667,129.4833,59.09,64,99,11.56,overcast clouds
382,Brandon,US,27.9378,-82.2859,86.0,66,1,13.8,clear sky
383,Mersing,MY,2.4312,103.8405,75.2,94,17,5.75,few clouds
384,Evensk,RU,61.95,159.2333,29.84,95,100,1.23,overcast clouds
385,Pundaguitan,PH,6.3711,126.1689,82.11,73,100,9.08,overcast clouds
386,Iracoubo,GF,5.4802,-53.2011,79.72,78,65,11.7,broken clouds
387,Jacareacanga,BR,-6.2222,-57.7528,76.68,93,97,1.57,light rain
388,Lamar,US,33.6668,-95.5836,68.0,42,40,8.05,scattered clouds
389,Makakilo City,US,21.3469,-158.0858,79.0,61,1,10.36,clear sky
390,Puerto Escondido,MX,15.85,-97.0667,84.2,74,1,9.22,clear sky
391,Port Hardy,CA,50.6996,-127.4199,57.2,62,1,4.61,clear sky
392,Ossora,RU,59.2353,163.0719,29.25,85,100,4.12,overcast clouds
393,Vanavara,RU,60.34,102.2797,20.66,84,100,8.25,overcast clouds
394,Ikom,NG,5.9667,8.7063,77.13,84,100,2.89,overcast clouds
395,Bullhead City,US,35.1478,-114.5683,78.01,9,1,26.46,clear sky
396,Elesbao Veloso,BR,-6.2019,-42.1403,80.22,74,100,3.13,heavy intensity rain
397,Sonoita,MX,31.85,-112.8333,78.01,18,0,1.01,clear sky
398,Flinders,AU,-34.5833,150.8552,52.0,85,2,1.01,clear sky
399,Portland,US,45.5234,-122.6762,78.01,30,47,3.0,scattered clouds
400,Umba,RU,66.6871,34.3429,32.92,84,100,9.42,overcast clouds
401,Aginskoye,RU,51.1,114.53,24.28,39,5,5.82,clear sky
402,Bogorodskoye,RU,56.55,37.8833,44.67,77,100,12.71,overcast clouds
403,Orapa,BW,-21.2833,25.3667,63.32,40,0,11.1,clear sky
404,Arlit,NE,18.7369,7.3853,90.95,5,31,7.83,scattered clouds
405,Simoes,BR,-7.5989,-40.8178,83.59,53,82,5.66,broken clouds
406,Sao Paulo De Olivenca,BR,-3.3783,-68.8725,74.08,97,100,2.19,overcast clouds
407,Rokiskis,LT,55.9667,25.5833,46.24,70,1,7.43,clear sky
408,Kisangani,CD,0.5167,25.2,73.47,90,98,2.51,overcast clouds
409,Wamba,NG,8.9333,8.6,84.49,50,92,0.45,overcast clouds
410,Padang,ID,-0.9492,100.3543,76.17,88,29,3.24,scattered clouds
411,Emerald,AU,-23.5333,148.1667,62.6,55,0,9.22,clear sky
412,Jaguey Grande,CU,22.5269,-81.1286,93.2,46,75,6.91,broken clouds
413,Cape Coast,GH,5.1053,-1.2466,79.25,82,94,6.06,heavy intensity rain
414,Zhigansk,RU,66.7697,123.3711,0.72,98,99,3.38,overcast clouds
415,Koumac,NC,-20.5667,164.2833,75.78,79,89,2.46,overcast clouds
416,Mananjary,MG,-21.2167,48.3333,70.21,76,100,5.08,overcast clouds
417,Riyadh,SA,24.6877,46.7219,89.6,13,0,6.91,clear sky
418,Karoi,ZW,-16.8099,29.6925,55.24,91,70,5.23,broken clouds
419,Beringovskiy,RU,63.05,179.3167,30.54,96,100,5.46,overcast clouds
420,Nurota,UZ,40.5614,65.6886,57.2,54,55,6.91,broken clouds
421,Maragogi,BR,-9.0122,-35.2225,77.31,85,100,5.66,overcast clouds
422,Erdenet,MN,49.0333,104.0833,31.35,54,30,3.44,scattered clouds
423,Havoysund,NO,70.9963,24.6622,41.0,65,0,13.8,clear sky
424,Usogorsk,RU,63.4106,48.6872,27.52,72,35,2.95,scattered clouds
425,Porto Murtinho,BR,-21.6989,-57.8825,96.21,26,52,1.9,broken clouds
426,Mbandaka,CD,0.0487,18.2603,73.2,94,100,5.1,light rain
427,Bilma,NE,18.6853,12.9164,90.52,6,25,8.97,scattered clouds
428,Juba,SS,4.8517,31.5825,76.78,69,95,1.88,overcast clouds
429,Maloy,NO,61.9353,5.1136,48.2,57,0,4.61,clear sky
430,Ambilobe,MG,-13.2,49.05,74.32,85,57,4.0,broken clouds
431,Katsuura,JP,35.1333,140.3,53.6,43,20,5.75,few clouds
432,Sarata,UA,46.0197,29.6657,47.26,83,100,4.5,overcast clouds
433,Havre-Saint-Pierre,CA,50.2334,-63.5986,46.4,49,90,9.22,overcast clouds
434,Ukiah,US,39.1502,-123.2078,82.99,22,1,8.37,clear sky
435,Orthez,FR,43.4884,-0.7724,51.8,58,0,6.91,clear sky
436,Portree,GB,57.4129,-6.1942,46.0,91,100,11.01,overcast clouds
437,Honningsvag,NO,70.9821,25.9704,41.0,65,0,13.8,clear sky
438,Sabha,LY,27.0377,14.4283,82.62,23,100,11.99,overcast clouds
439,Grand Gaube,MU,-20.0064,57.6608,75.0,86,100,5.01,light rain
440,Andrews,US,32.3187,-102.5457,57.2,33,90,4.61,overcast clouds
441,Vigrestad,NO,58.5667,5.7,46.0,67,3,6.44,clear sky
442,Bonavista,CA,48.6499,-53.1147,39.2,100,100,5.75,light rain
443,Jalu,LY,29.0331,21.5482,83.48,28,100,20.49,overcast clouds
444,Kenai,US,60.5544,-151.2583,42.8,52,40,13.8,scattered clouds
445,Quatre Cocos,MU,-20.2078,57.7625,77.0,94,75,12.66,moderate rain
446,Thomaston,US,32.8882,-84.3266,75.99,33,40,6.89,scattered clouds
447,Alofi,NU,-19.0595,-169.9187,77.0,88,49,2.3,scattered clouds
448,Taquarituba,BR,-23.5331,-49.2444,74.77,59,8,6.93,clear sky
449,Hervey Bay,AU,-25.2986,152.8535,61.0,87,0,4.0,clear sky
450,Siderno,IT,38.2779,16.302,53.6,71,75,6.91,broken clouds
451,Kathmandu,NP,27.7167,85.3167,55.4,88,20,3.44,few clouds
452,Chokurdakh,RU,70.6333,147.9167,8.69,90,100,17.29,overcast clouds
453,Santiago Del Estero,AR,-27.7951,-64.2615,84.15,49,30,9.28,scattered clouds
454,Santa Rita,BR,-7.1139,-34.9781,75.2,100,75,9.22,broken clouds
455,Bereda,ES,43.2686,-7.5406,55.0,64,100,3.0,overcast clouds
456,Hornepayne,CA,49.2138,-84.7705,52.41,34,100,7.49,overcast clouds
457,Trairi,BR,-3.2778,-39.2689,79.03,83,57,7.36,broken clouds
458,Grand Baie,MU,-20.0182,57.5802,75.0,86,100,5.01,light rain
459,Dandong,CN,40.1292,124.3947,42.8,78,3,5.79,clear sky
460,Troitskoye,RU,52.9821,84.6757,48.33,60,77,17.16,broken clouds
461,Tiznit,MA,29.5833,-9.5,61.84,72,54,4.9,broken clouds
462,Nabire,ID,-3.3667,135.4833,74.86,91,100,2.89,overcast clouds
463,Antalaha,MG,-14.9003,50.2788,74.82,91,99,10.71,light rain
464,Vardo,NO,70.3705,31.1107,35.6,75,0,14.97,clear sky
465,Saldanha,ZA,-33.0117,17.9442,66.2,77,6,5.75,clear sky
466,Half Moon Bay,US,37.4636,-122.4286,79.0,93,40,11.5,mist
467,Lalmohan,BD,22.3384,90.7419,79.68,83,0,8.88,clear sky
468,Winchester,GB,51.0651,-1.3187,51.8,54,0,6.91,clear sky
469,Zabol,AF,32.25,67.25,58.89,19,100,9.33,overcast clouds
470,Puerto Colombia,CO,10.9878,-74.9547,77.0,94,75,3.44,broken clouds
471,Staryy Nadym,RU,65.6118,72.6842,-5.08,97,12,10.78,few clouds
472,Barao De Melgaco,BR,-16.1944,-55.9675,87.8,51,75,5.75,broken clouds
473,San Patricio,US,28.017,-97.5169,64.4,55,90,13.8,overcast clouds
474,Snezhnogorsk,RU,69.1933,33.2531,35.6,75,0,2.24,clear sky
475,Mindelo,CV,16.8901,-24.9804,73.4,64,20,31.07,few clouds
476,Gazojak,TM,41.1875,61.4036,71.46,14,97,9.15,overcast clouds
477,Pochutla,MX,15.7432,-96.4661,89.01,58,90,9.22,overcast clouds
478,Mapiripan,CO,2.8892,-72.1256,82.17,78,100,7.81,overcast clouds
479,Acarau,BR,-2.8856,-40.12,80.64,80,100,12.01,moderate rain
480,Lagoa,PT,39.05,-27.9833,60.89,88,98,10.36,overcast clouds
481,Venado Tuerto,AR,-33.7456,-61.9688,84.0,23,1,12.66,clear sky
482,Lasem,ID,-6.6922,111.4527,76.33,85,99,3.91,overcast clouds
483,Catio,GW,11.2833,-15.25,78.73,68,100,10.45,overcast clouds
484,Ivankiv,UA,50.9386,29.8943,42.8,81,1,4.47,clear sky
485,Ca Mau,VN,9.1769,105.15,78.4,85,97,2.59,overcast clouds
486,Tynda,RU,55.1667,124.7167,18.59,69,100,12.95,overcast clouds
487,Itanhaem,BR,-24.1831,-46.7889,78.01,88,90,5.75,overcast clouds
488,Butterworth,MY,5.3991,100.3638,82.0,89,20,4.29,few clouds
489,Mpulungu,ZM,-8.7623,31.1141,71.53,74,24,11.7,few clouds
490,Zhezkazgan,KZ,47.8043,67.7144,54.05,62,49,7.85,scattered clouds
491,Tommot,RU,58.9564,126.2925,18.91,93,100,9.1,light snow
492,Port Macquarie,AU,-31.4333,152.9167,53.01,93,2,1.01,clear sky
493,Port Arthur,CN,38.8,121.2667,60.8,31,0,13.42,clear sky
494,Yilan,TW,24.757,121.753,64.0,99,58,3.06,light rain
495,Chumikan,RU,54.7183,135.315,27.84,96,100,10.31,light snow
496,Marevo,RU,57.3146,32.0804,44.55,68,62,7.4,broken clouds
497,Umm Lajj,SA,25.0213,37.2685,80.8,59,0,7.29,clear sky
498,Kotido,UG,2.9806,34.1331,76.35,51,77,17.54,broken clouds
499,Morada Nova,BR,-5.1067,-38.3725,78.42,83,99,5.95,overcast clouds
500,Taltal,CL,-25.4,-70.4833,67.73,74,30,6.85,scattered clouds
501,Vila Franca Do Campo,PT,37.7167,-25.4333,62.6,82,20,12.66,few clouds
502,Collie,AU,-33.3667,116.15,52.63,98,78,3.47,broken clouds
503,Athabasca,CA,54.7169,-113.2854,44.6,56,100,11.5,light rain
504,College,US,64.8569,-147.8028,51.8,40,40,3.44,scattered clouds
505,Goderich,CA,43.7501,-81.7165,42.8,75,100,9.22,overcast clouds
506,Aykhal,RU,66.0,111.5,-9.04,100,82,2.57,broken clouds
507,Lac Du Bonnet,CA,50.2536,-96.0612,28.0,99,100,8.99,overcast clouds
508,Aksarka,RU,66.5606,67.7975,-4.74,92,100,3.98,overcast clouds
509,Batticaloa,LK,7.7102,81.6924,81.07,77,99,7.23,overcast clouds
510,Tessalit,ML,20.1986,1.0114,88.68,11,3,11.21,clear sky
511,Olga,RU,43.7444,135.2892,46.58,56,8,9.51,clear sky
512,Ushtobe,KZ,45.2514,77.9838,61.68,30,100,10.42,overcast clouds
513,Nogliki,RU,51.8333,143.1667,31.28,98,100,23.89,snow
514,Katav-Ivanovsk,RU,54.7531,58.1956,32.05,58,100,8.52,overcast clouds
515,Denia,ES,38.8408,0.1057,57.99,62,0,7.0,clear sky
516,Halifax,CA,44.6453,-63.5724,42.8,81,100,11.5,overcast clouds
517,Barentu,ER,15.1139,37.5928,80.56,30,99,10.76,overcast clouds
518,Qui Nhon,VN,13.7667,109.2333,74.75,89,94,4.14,overcast clouds
519,Bonney Lake,US,47.1771,-122.1865,77.0,25,1,3.44,clear sky
520,Namerikawa,JP,36.7667,137.3333,48.0,92,92,7.85,overcast clouds
521,Pimentel,PE,-6.8367,-79.9342,77.0,61,0,14.97,clear sky
522,Lujiang,CN,31.2581,117.2817,57.0,81,88,4.47,overcast clouds
523,Leszno,PL,51.8403,16.5749,45.0,87,100,3.38,overcast clouds
524,Adrar,MR,20.5022,-10.0711,81.95,9,0,8.46,clear sky
525,Inuvik,CA,68.3499,-133.7218,46.4,39,16,6.91,few clouds
526,Kostomuksha,RU,64.571,30.5767,36.55,91,98,4.03,overcast clouds
527,Caloundra,AU,-26.8,153.1333,61.0,92,6,1.01,clear sky
528,Kloulklubed,PW,7.0419,134.2556,82.44,76,81,14.14,broken clouds
529,Tahta,EG,26.7693,31.5021,91.4,25,0,3.44,clear sky
530,Fort-Shevchenko,KZ,44.5086,50.263,54.81,79,73,11.61,broken clouds
531,Muroto,JP,33.2833,134.15,52.36,64,0,12.71,clear sky
532,Ratnagiri,IN,16.9833,73.3,80.94,82,3,3.24,clear sky
533,Real,PH,14.6625,121.6047,82.0,48,100,6.8,overcast clouds
534,Algiers,DZ,36.7525,3.042,53.6,71,20,5.75,few clouds
535,Ende,ID,-8.8432,121.6623,76.37,85,100,1.66,overcast clouds
536,Muyezerskiy,RU,63.9333,31.65,33.55,91,8,3.33,clear sky
537,Nioki,CD,-2.7167,17.6833,74.97,93,100,2.33,overcast clouds
538,Presidente Dutra,BR,-5.29,-44.49,77.27,92,100,3.11,light rain
539,Miram Shah,PK,33.0086,70.0697,65.41,68,24,2.68,few clouds
540,Muisne,EC,0.6,-80.0333,84.2,79,75,5.75,broken clouds
541,Krasnoturansk,RU,54.3186,91.5639,37.4,60,0,8.95,clear sky
542,Balikpapan,ID,-1.2675,116.8289,75.34,89,100,5.14,overcast clouds
543,Sillamae,EE,59.3997,27.7547,42.3,71,1,10.09,clear sky
544,Busca,IT,44.5181,7.4743,48.99,76,75,8.05,broken clouds
545,Udachnyy,RU,66.4167,112.4,-12.86,100,98,3.02,overcast clouds
546,Hojai,IN,26.0,92.8667,70.57,85,13,4.65,few clouds
547,Yar-Sale,RU,66.8333,70.8333,-6.0,99,95,8.14,overcast clouds
548,Svetlogorsk,BY,52.6333,29.7333,42.96,87,34,6.33,scattered clouds
549,Rio Verde De Mato Grosso,BR,-18.9181,-54.8442,88.23,39,73,6.6,broken clouds
550,Cabatuan,PH,10.8794,122.486,77.5,76,100,5.55,overcast clouds
551,Guerrero Negro,MX,27.9769,-114.0611,68.68,56,4,13.15,clear sky
552,Yamada,JP,39.4667,141.95,47.82,79,95,9.01,overcast clouds
553,Hamilton,US,39.1834,-84.5333,64.99,25,1,11.5,clear sky
554,Shache,CN,38.4167,77.2406,59.52,38,100,17.43,overcast clouds
555,Scarborough,GB,54.2797,-0.4044,44.01,78,25,3.36,scattered clouds
556,Morondava,MG,-20.2833,44.2833,77.54,65,99,1.23,overcast clouds
557,Det Udom,TH,14.906,105.0784,84.0,88,88,4.83,overcast clouds
558,Rovaniemi,FI,66.5,25.7167,44.6,49,0,5.75,clear sky
559,Turbat,PK,26.0023,63.044,82.33,32,73,3.58,broken clouds
560,Kaduy,RU,59.2,37.15,41.0,52,0,8.95,clear sky
561,Lata,PT,40.1629,-8.3327,64.0,67,20,5.75,few clouds
562,Geraldton,AU,-28.7667,114.6,62.6,63,90,11.5,overcast clouds
563,Kayerkan,RU,69.3497,87.7602,-18.33,98,66,3.04,broken clouds
564,Valleyview,CA,55.0667,-117.2859,39.2,60,100,9.22,overcast clouds
565,Nipawin,CA,53.3668,-104.0009,33.8,47,20,12.66,few clouds
566,Champasak,LA,14.75,106.0,71.76,95,58,2.64,broken clouds
567,Vuktyl,RU,63.8567,57.3094,20.82,73,36,4.54,scattered clouds
568,Homer,US,59.6425,-151.5483,55.4,50,75,4.61,broken clouds
569,Saint-Pierre,RE,-21.3393,55.4781,75.2,78,90,11.5,overcast clouds
570,Aswan,EG,24.0934,32.907,88.34,28,0,15.01,clear sky
571,Tiksi,RU,71.6872,128.8694,5.9,88,100,11.86,overcast clouds
572,Teplyk,UA,48.6657,29.745,48.36,77,100,6.26,overcast clouds
573,Sisimiut,GL,66.9395,-53.6735,20.34,66,100,14.2,overcast clouds
574,Pushkino,RU,56.0172,37.8667,50.0,50,0,8.95,clear sky
575,Yertsevo,RU,60.7966,40.086,31.1,71,5,5.68,clear sky
576,Maningrida,AU,-12.0667,134.2667,71.47,80,100,7.63,overcast clouds
577,Salinopolis,BR,-0.6136,-47.3561,77.31,86,100,6.31,overcast clouds
578,Lazaro Cardenas,MX,17.9583,-102.2,82.72,44,0,10.51,clear sky
579,Waddan,LY,29.1614,16.139,70.05,53,80,13.73,broken clouds
580,Nuevo Progreso,MX,23.1667,-97.95,69.01,49,54,8.99,broken clouds
581,Mnogovershinnyy,RU,53.9353,139.9242,27.12,96,100,6.24,overcast clouds
582,Nemuro,JP,43.3236,145.575,40.06,95,89,14.09,light rain
583,Teknaf,BD,20.8624,92.3058,75.18,89,5,2.73,clear sky
584,Cam Ranh,VN,11.9214,109.1591,78.8,83,20,2.3,few clouds
585,Prince Rupert,CA,54.3161,-130.3201,64.4,42,1,5.75,clear sky
586,Catuday,PH,16.2923,119.8062,78.89,76,95,2.75,overcast clouds
587,Mitsamiouli,KM,-11.3847,43.2844,80.56,78,7,11.18,light rain
588,Jutai,BR,-5.1833,-68.9,73.33,98,100,3.15,overcast clouds
589,Seddon,AU,-37.8068,144.8916,57.0,87,75,6.91,broken clouds
590,Sorada,IN,19.75,84.4333,80.53,61,0,2.39,clear sky
591,Churapcha,RU,62.0025,132.4325,19.06,94,100,8.14,light snow
592,Rodental,DE,50.2833,11.0667,46.99,93,97,1.01,light rain
593,Aviles,ES,43.5547,-5.9248,53.01,76,0,6.91,clear sky
594,Kapoeta,SS,4.7717,33.5903,83.39,45,35,15.26,scattered clouds
595,Jackson,US,42.4165,-122.8345,78.01,26,1,3.44,clear sky
596,Eidfjord,NO,60.4675,7.0719,25.0,87,13,7.54,few clouds
597,Mahon,ES,39.8885,4.2658,50.0,62,0,4.61,clear sky
598,Ekhabi,RU,53.5102,142.9671,31.39,98,100,13.89,overcast clouds
599,Pacific Grove,US,36.6177,-121.9166,78.01,63,1,5.75,clear sky
600,Back Mountain,US,41.3359,-75.9963,57.99,49,75,6.33,broken clouds
601,Santa Helena De Goias,BR,-17.8136,-50.5969,83.44,46,67,4.54,broken clouds
602,Sakakah,SA,29.9697,40.2064,78.8,17,0,6.91,clear sky
603,Nalut,LY,30.3333,10.85,63.93,23,0,9.57,clear sky
604,Ucluelet,CA,48.9329,-125.5528,64.0,63,1,8.05,clear sky
605,Pangnirtung,CA,66.1451,-65.7125,17.6,67,20,3.44,few clouds
606,Aguada De Pasajeros,CU,22.385,-80.8508,89.6,51,20,17.27,few clouds
607,Mayo,US,38.8876,-76.5119,64.99,55,90,11.5,overcast clouds
608,Birr,IE,53.0914,-7.9133,48.0,88,100,5.99,overcast clouds
609,Richards Bay,ZA,-28.783,32.0377,68.65,66,0,13.73,clear sky
610,Kenora,CA,49.8167,-94.4337,28.4,80,90,17.27,light snow
611,Asyut,EG,27.181,31.1837,91.4,25,0,6.91,clear sky
612,Seoul,KR,37.5683,126.9778,42.8,87,0,9.22,clear sky
613,Mehamn,NO,71.0357,27.8492,37.4,70,0,17.27,clear sky
614,Ribeira Brava,PT,32.65,-17.0667,62.01,90,1,1.99,clear sky
615,Kettering,US,39.6895,-84.1688,62.01,25,1,10.36,clear sky
616,Saint-Augustin,CA,51.226,-58.6502,36.25,95,100,21.36,overcast clouds
617,Port Lincoln,AU,-34.7333,135.8667,57.25,82,0,7.81,clear sky
618,Buin,CL,-33.7333,-70.75,75.2,41,37,4.61,haze
619,Boende,CD,-0.2167,20.8667,76.14,84,100,3.78,light rain
620,Chishtian Mandi,PK,29.8,72.8667,78.31,25,46,8.77,scattered clouds
621,Thinadhoo,MV,0.5333,72.9333,82.49,64,99,6.62,overcast clouds
622,Lasa,IT,46.6166,10.7002,55.4,60,20,8.05,few clouds
623,Paarl,ZA,-33.7338,18.9752,66.2,82,0,10.36,clear sky
624,Benemerito De Las Americas,MX,16.5167,-90.6439,99.95,31,13,3.85,few clouds
625,Pathein,MM,16.7833,94.7333,77.88,80,0,4.61,clear sky
626,Bonthe,SL,7.5264,-12.505,81.88,76,44,9.04,scattered clouds
627,Alekseyevsk,RU,57.8406,108.3492,10.4,95,83,3.53,broken clouds
628,Severobaykalsk,RU,55.65,109.3167,12.54,79,100,4.72,overcast clouds
629,Manakara,MG,-22.1333,48.0167,69.22,74,100,3.76,overcast clouds
630,Nanzhou,CN,29.3596,112.4024,55.33,94,100,3.53,overcast clouds
631,Abha,SA,18.2164,42.5053,68.0,59,20,12.86,few clouds
632,Finschhafen,PG,-6.6024,147.8681,79.84,78,100,2.75,overcast clouds
633,Krasnoselkup,RU,65.7,82.4667,-11.47,93,19,15.05,few clouds
634,Novobohdanivka,UA,47.0819,35.3272,46.15,85,58,4.56,broken clouds
635,Celestun,MX,20.8667,-90.4,85.15,73,16,15.19,few clouds
636,Zavolzhsk,RU,57.4823,42.1378,40.14,81,100,10.6,overcast clouds
637,Mishelevka,RU,52.8575,103.1719,29.35,55,73,5.14,broken clouds
638,Shakawe,BW,-18.3667,21.85,64.22,47,0,6.17,clear sky
639,Darnah,LY,32.767,22.6367,64.2,77,100,10.29,overcast clouds
640,Tandalti,SD,13.0167,31.8667,87.82,7,40,8.93,scattered clouds
641,Rio Brilhante,BR,-21.8019,-54.5464,89.24,29,5,8.43,clear sky
642,Malakal,SS,9.5334,31.6605,92.39,12,93,4.65,overcast clouds
643,Mennecy,FR,48.569,2.4438,50.0,71,0,6.91,clear sky
644,Ardabil,IR,38.2498,48.2933,59.18,59,100,2.48,overcast clouds
645,Loiza,PR,18.4313,-65.8802,91.4,43,40,11.5,scattered clouds
646,Beipiao,CN,41.7919,120.7792,55.9,20,100,7.16,overcast clouds
647,Bulgan,MN,48.8125,103.5347,33.24,55,4,2.57,clear sky
648,Tanga,TZ,-5.0667,39.1,73.51,91,100,13.06,moderate rain
649,Tateyama,JP,34.9833,139.8667,53.6,43,20,5.75,few clouds
650,Eucaliptus,BO,-17.5833,-67.5167,64.26,13,0,9.42,clear sky
651,Grand-Lahou,CI,5.1367,-5.0242,81.34,80,89,9.33,overcast clouds
652,Cavalcante,BR,-13.7975,-47.4583,77.61,68,58,2.77,broken clouds
653,Vazante,BR,-17.9869,-46.9078,73.33,74,37,0.98,scattered clouds
654,Lerwick,GB,60.1545,-1.1494,44.6,87,100,11.5,overcast clouds
655,Ladan,UA,50.5196,32.5818,39.51,90,79,6.96,broken clouds
656,West Bay,KY,19.3667,-81.4167,86.0,70,20,13.8,few clouds
657,Prado,BR,-17.3411,-39.2208,78.17,78,65,9.62,broken clouds
658,Mitu,CO,1.1983,-70.1733,74.62,93,100,3.85,overcast clouds
659,Los Llanos De Aridane,ES,28.6585,-17.9182,68.0,64,20,18.41,few clouds
660,Kashi,CN,39.4547,75.9797,64.4,19,75,15.66,broken clouds
661,Mendota,US,36.7536,-120.3816,80.01,24,1,5.75,clear sky
662,Longyan,CN,25.1072,117.0225,60.46,93,100,1.7,overcast clouds
663,Hami,CN,42.8,93.45,59.34,27,29,14.27,scattered clouds
664,Kabwe,ZM,-14.4469,28.4464,60.76,81,98,6.33,overcast clouds
665,Tshikapa,CD,-6.4167,20.8,72.79,90,63,2.51,broken clouds
666,Garowe,SO,8.4054,48.4845,76.51,78,2,15.05,clear sky
667,Ponta Delgada,PT,37.7333,-25.6667,62.6,82,20,12.66,few clouds
668,Waipawa,NZ,-41.4122,175.5153,61.0,72,58,13.8,broken clouds
669,Brebes,ID,-6.8706,109.0369,77.38,83,78,6.38,broken clouds
670,Tamandare,BR,-8.7597,-35.1047,77.59,85,86,6.49,overcast clouds
671,Yurimaguas,PE,-5.9,-76.0833,91.4,52,20,4.61,few clouds
672,Hambantota,LK,6.1241,81.1185,79.61,79,17,10.27,few clouds
673,Upington,ZA,-28.4478,21.2561,73.4,33,0,6.91,clear sky
674,Narrabri,AU,-30.3167,149.7833,48.2,87,0,3.44,clear sky
675,Port Blair,IN,11.6667,92.75,80.87,76,48,7.56,scattered clouds
676,Talcahuano,CL,-36.7167,-73.1167,62.6,67,40,9.22,scattered clouds
677,Hovd,MN,48.0056,91.6419,41.85,34,73,9.66,broken clouds
678,Nicoya,CR,10.1483,-85.452,86.0,66,75,11.5,broken clouds
679,Marathon,US,44.9,-89.7668,60.8,25,40,10.36,scattered clouds
680,Murdochville,CA,48.9583,-65.5006,33.8,93,98,3.44,overcast clouds
681,Izhma,RU,65.0083,53.9113,21.29,86,21,1.61,few clouds
682,Gonbad-E Qabus,IR,37.25,55.1672,67.14,31,62,1.52,broken clouds
683,Lavrentiya,RU,65.5833,-171.0,24.58,92,99,4.07,overcast clouds
684,Tulancingo,MX,20.0833,-98.3667,72.07,40,9,3.42,clear sky
685,Oytal,KZ,42.9057,73.2697,52.88,60,41,9.04,scattered clouds
686,Mudanya,TR,40.3753,28.8822,59.0,77,75,17.27,light rain
687,Seydi,TM,39.4816,62.9137,71.65,27,16,6.51,few clouds
688,Zagora,MA,30.3484,-5.8365,79.21,19,40,9.06,scattered clouds
689,Sinnamary,GF,5.3833,-52.95,80.67,74,75,11.23,broken clouds
690,Raudeberg,NO,61.9875,5.1352,46.0,59,0,12.39,clear sky
691,Tazovskiy,RU,67.4667,78.7,-13.0,99,27,9.46,scattered clouds
692,Marrakesh,MA,31.6315,-8.0083,78.8,27,0,6.91,clear sky
693,Novo Aripuana,BR,-5.1206,-60.3797,81.48,82,69,1.39,moderate rain
694,Ayan,RU,56.45,138.1667,27.61,96,100,10.13,light snow
695,Maun,BW,-19.9833,23.4167,66.2,52,0,6.91,clear sky
696,Sungaipenuh,ID,-2.0833,101.3833,62.8,97,84,1.12,broken clouds
697,Oktyabrskoye,RU,43.0645,44.7417,51.8,87,100,8.95,overcast clouds
698,Beloha,MG,-25.1667,45.05,65.61,65,0,13.82,clear sky
699,Caraquet,CA,47.7941,-64.9386,39.2,75,100,5.75,overcast clouds
700,Walvis Bay,NA,-22.9575,14.5053,86.0,35,68,21.85,broken clouds
701,Gorontalo,ID,0.5412,123.0595,75.79,91,100,3.02,overcast clouds
702,Sechura,PE,-5.5569,-80.8222,79.84,60,83,14.58,broken clouds
703,Nyurba,RU,63.2842,118.3319,4.32,97,100,2.51,overcast clouds
704,Esmeraldas,BR,-19.7625,-44.3139,82.4,42,0,5.75,clear sky
705,Ust-Ilimsk,RU,58.0006,102.6619,14.76,92,69,4.45,broken clouds
706,Neubiberg,DE,48.0833,11.6833,39.0,87,100,2.91,overcast clouds
707,Shubarkuduk,KZ,49.1447,56.4872,55.54,83,100,3.89,overcast clouds
708,Sweetwater,US,25.7634,-80.3731,91.4,66,40,10.36,scattered clouds
709,Kahului,US,20.8947,-156.47,71.6,100,40,8.05,light rain
710,Sabang,ID,5.8933,95.3214,83.05,75,55,19.28,broken clouds
711,Hvide Sande,DK,56.0045,8.1294,53.01,60,33,6.73,scattered clouds
712,Owatonna,US,44.0839,-93.226,62.01,29,40,14.97,scattered clouds
713,Anloga,GH,5.7947,0.8973,75.2,94,75,8.05,broken clouds
714,Murmashi,RU,68.8154,32.8115,35.6,75,0,2.24,clear sky
715,Isla Mujeres,MX,21.2311,-86.731,89.6,62,75,13.8,broken clouds
716,Bakchar,RU,57.0186,82.0711,17.64,92,100,17.81,snow
717,Gusau,NG,12.1628,6.6614,93.38,14,25,5.53,scattered clouds
718,Gwanda,ZW,-20.9333,29.0,55.74,59,0,4.59,clear sky
719,Majene,ID,-3.5403,118.9707,76.62,86,100,3.62,overcast clouds
720,Mawlaik,MM,23.6333,94.4167,73.49,56,35,0.58,scattered clouds
721,Maiduguri,NG,11.8464,13.1603,88.11,10,63,6.13,broken clouds
722,Opuwo,NA,-18.0607,13.84,71.98,39,28,4.34,scattered clouds
723,Medvezhyegorsk,RU,62.9167,34.4667,33.91,88,8,3.18,clear sky
724,Oristano,IT,39.9,8.6,50.0,81,40,10.36,scattered clouds
725,Zhanakorgan,KZ,43.9098,67.2495,66.54,32,100,7.27,overcast clouds
726,Grand Island,US,40.925,-98.342,60.8,29,1,8.05,clear sky
727,Karaton,ID,-6.3424,106.1045,82.0,83,20,4.61,haze
728,Lidkoping,SE,58.5052,13.1577,48.2,57,15,8.05,few clouds
729,Mbanza-Ngungu,CD,-5.25,14.8667,71.58,90,100,0.67,overcast clouds
730,Russell,US,32.3502,-85.1999,75.2,38,20,5.75,few clouds
731,Durango,MX,24.8333,-104.8333,77.34,9,6,4.99,clear sky
732,Andros Town,BS,24.7,-77.7667,84.2,65,40,3.44,scattered clouds
733,Gayny,RU,60.3071,54.3241,25.3,78,3,5.1,clear sky
734,Kharan,PK,28.5833,65.4167,79.61,14,88,1.19,overcast clouds
735,Irbit,RU,57.6705,63.071,26.22,48,0,4.94,clear sky
736,Noumea,NC,-22.2763,166.4572,75.99,88,0,2.3,clear sky
737,Yerbogachen,RU,61.2767,108.0108,7.56,94,62,4.0,broken clouds
738,Sorland,NO,67.667,12.6934,44.6,76,0,16.11,clear sky
